<?xml version="1.0" encoding="utf-8"?>
<annotations>
  <version>1.1</version>
  <meta>
    <task>
      <id>6</id>
      <name>Sample1</name>
      <size>12</size>
      <mode>interpolation</mode>
      <overlap>5</overlap>
      <bugtracker>https://github.com/bartonp2/temp</bugtracker>
      <created>2021-07-07 15:43:21.254211+00:00</created>
      <updated>2021-07-07 15:49:54.138865+00:00</updated>
      <start_frame>0</start_frame>
      <stop_frame>11</stop_frame>
      <frame_filter></frame_filter>
      <labels>
        <label>
          <name>weed</name>
          <color>#66ff66</color>
          <attributes>
          </attributes>
        </label>
        <label>
          <name>old_weed</name>
          <color>#cc9933</color>
          <attributes>
          </attributes>
        </label>
        <label>
          <name>garlic</name>
          <color>#2f4789</color>
          <attributes>
          </attributes>
        </label>
        <label>
          <name>sugarbeet</name>
          <color>#9d3497</color>
          <attributes>
          </attributes>
        </label>
        <label>
          <name>soya</name>
          <color>#c9dd3f</color>
          <attributes>
          </attributes>
        </label>
      </labels>
      <segments>
        <segment>
          <id>6</id>
          <start>0</start>
          <stop>11</stop>
          <url>http172.16.100.3:8080/?id=6</url>
        </segment>
      </segments>
      <owner>
        <username>agrobotics</username>
        <email>info@agrobotics.ch</email>
      </owner>
      <assignee></assignee>
      <original_size>
        <width>2448</width>
        <height>2048</height>
      </original_size>
    </task>
    <dumped>2021-07-07 15:52:15.144720+00:00</dumped>
    <source>rgb-020.mkv</source>
  </meta>
  <track id="0" label="weed" source="manual">
    <box frame="0" outside="0" occluded="0" keyframe="1" xtl="1265.56" ytl="374.93" xbr="1460.16" ybr="531.56" z_order="0">
    </box>
    <box frame="1" outside="1" occluded="0" keyframe="1" xtl="1265.56" ytl="374.93" xbr="1460.16" ybr="531.56" z_order="0">
    </box>
  </track>
  <track id="1" label="weed" source="manual">
    <box frame="0" outside="0" occluded="0" keyframe="1" xtl="1877.83" ytl="344.08" xbr="2024.96" ybr="476.98" z_order="0">
    </box>
    <box frame="1" outside="1" occluded="0" keyframe="1" xtl="1877.83" ytl="344.08" xbr="2024.96" ybr="476.98" z_order="0">
    </box>
  </track>
  <track id="2" label="weed" source="manual">
    <box frame="0" outside="0" occluded="0" keyframe="1" xtl="2065.30" ytl="1141.45" xbr="2328.72" ybr="1404.86" z_order="0">
    </box>
    <box frame="1" outside="1" occluded="0" keyframe="1" xtl="2065.30" ytl="1141.45" xbr="2328.72" ybr="1404.86" z_order="0">
    </box>
  </track>
  <track id="3" label="weed" source="manual">
    <box frame="1" outside="0" occluded="0" keyframe="1" xtl="959.43" ytl="175.59" xbr="1113.68" ybr="315.60" z_order="0">
    </box>
    <box frame="2" outside="1" occluded="0" keyframe="1" xtl="959.43" ytl="175.59" xbr="1113.68" ybr="315.60" z_order="0">
    </box>
  </track>
</annotations>